length,width,label
0.0,3.1971,short
0.1,0.1251,short
0.2,1.3751,short
0.3,1.1161,short
0.4,3.6824,short
0.5,3.3835,short
0.6,4.4609,short
0.7,0.4347,short
0.8,2.1096,short
0.9,0.1490,short
1.0,1.0932,short
1.1,2.5268,short
1.2,0.1327,short
1.3,0.9942,short
1.4,3.2494,short
1.5,2.7247,short
1.6,1.1022,short
1.7,2.9463,short
1.8,4.0472,short
1.9,0.0325,short
2.0,4.0291,short
2.1,3.4907,short
2.2,1.7013,short
2.3,0.7774,short
2.4,4.7861,short
2.5,1.6830,short
2.6,0.4637,short
2.7,0.4836,short
2.8,4.2375,short
2.9,3.0186,short
3.0,4.0356,short
3.1,3.6487,short
3.2,2.6811,short
3.3,4.8656,short
3.4,1.8927,short
3.5,2.7602,short
3.6,4.1470,short
3.7,3.0926,short
3.8,4.3085,short
3.9,2.8868,short
4.0,3.5229,short
4.1,0.2291,short
4.2,1.1395,short
4.3,1.4469,short
4.4,0.3990,short
4.5,1.1640,short
4.6,0.5050,short
4.7,1.3899,short
4.8,3.1784,short
4.9,1.8242,short
5.0,1.8509,short
5.1,1.0475,short
5.2,1.3349,short
5.3,4.6833,short
5.4,3.2402,short
5.5,3.0457,short
5.6,0.8557,short
5.7,3.6456,short
5.8,0.8170,short
5.9,1.8973,short
6.0,4.9476,long
6.1,3.2000,long
6.2,2.7847,long
6.3,3.4231,long
6.4,4.2143,long
6.5,3.8800,long
6.6,1.1452,long
6.7,0.1605,long
6.8,1.5773,long
6.9,1.3387,long
7.0,1.0549,long
7.1,4.7145,long
7.2,4.3818,long
7.3,1.5734,long
7.4,3.2772,long
7.5,1.9782,long
7.6,4.5727,long
7.7,2.2943,long
7.8,1.3244,long
7.9,1.2331,long
8.0,2.8068,long
8.1,1.3137,long
8.2,2.9229,long
8.3,4.4891,long
8.4,1.9970,long
8.5,1.0966,long
8.6,4.9877,long
8.7,2.5476,long
8.8,0.4545,long
8.9,0.2356,long
9.0,0.5482,long
9.1,3.1372,long
9.2,3.9604,long
9.3,2.1108,long
9.4,0.3176,long
9.5,1.9081,long
9.6,4.9806,long
9.7,2.6456,long
9.8,4.8554,long
9.9,4.3039,long
10.0,0.0574,long
10.1,3.6036,long
10.2,3.4086,long
10.3,2.6849,long
10.4,1.3341,long
10.5,3.2048,long
10.6,0.5578,long
10.7,2.1738,long
10.8,2.2686,long
10.9,4.7691,long
11.0,4.3793,long
11.1,1.3169,long
11.2,2.5029,long
11.3,0.8933,long
11.4,4.5631,long
11.5,4.3526,long
11.6,1.4922,long
11.7,3.1947,long
11.8,3.0449,long
11.9,0.7642,long
